{
  "modeltype": "class",
  "namespace": "CodeGeneration.Model",
  "usings": [
    "using System",
    "using System.Data"
  ],
  "class": {
    "className": "Student",
    "accessModifier": "public",
    "baseClass": "",
    "interface": [],
    "properties": [
      {
        "name": "Id",
        "type": "int",
        "nullable": false,
        "accessModifier": "public",
        "defaultValue": ""
      },
      {
        "name": "Name",
        "type": "string",
        "nullable": false,
        "accessModifier": "public",
        "defaultValue": ""
      },
      {
        "name": "Email",
        "type": "string",
        "nullable": false,
        "accessModifier": "public",
        "defaultValue": ""
      },
      {
        "name": "Address",
        "type": "string",
        "nullable": false,
        "accessModifier": "public",
        "defaultValue": ""
      }
    ]
  },
  "FileName": "Student",
  "Folder": "Entities"
}
